applicant_id,score
"1","0.72"
"2","1.19"
"3","5.66"
"4","3.6"
"5","2.44"
"6","6.96"
"7","7.53"
"8","7.27"
"9","4.31"
"10","6.95"
"11","0.3"
"12","4.25"
"13","5.5"
"14","7.9"
"15","1.27"
"16","7.02"
"17","5.5"
"18","3.27"
"19","4.68"
"20","0.89"
"21","0.79"
"22","3.22"
"23","9.1"
"24","4.45"
"25","5.31"
"26","8.57"
"27","2.32"
"28","3.96"
"29","9.4"
"30","4.38"
"31","3.27"
"32","8.59"
"33","8.85"
"34","5.89"
"35","1.8"
"36","5.01"
"37","7.95"
"38","3.73"
"39","2.01"
"40","3.71"
"41","9.92"
"42","4.18"
"43","6.72"
"44","8.39"
"45","5.75"
"46","9.44"
"47","3.39"
"48","5.07"
"49","8.72"
"50","6.13"
"51","1.73"
"52","3.57"
"53","6.3"
"54","1.87"
"55","9.33"
"56","0.76"
"57","9.76"
"58","1.82"
"59","4.87"
"60","0.9"
"61","0.14"
"62","4.64"
"63","9.25"
"64","3.08"
"65","8.92"
"66","8.35"
"67","3.74"
"68","0.3"
"69","9.87"
"70","3.64"
"71","2.66"
"72","2.97"
"73","9.11"
"74","2.93"
"75","6.36"
"76","0.21"
"77","5.54"
"78","4.5"
"79","5.95"
"80","4.28"
"81","2.0"
"82","6.61"
"83","4.81"
"84","6.97"
"85","0.46"
"86","6.68"
"87","2.42"
"88","8.4"
"89","0.45"
"90","1.22"
"91","4.79"
"92","7.7"
"93","9.89"
"94","3.81"
"95","7.54"
"96","3.35"
"97","2.06"
"98","1.51"
"99","8.02"
"100","5.14"
"101","1.45"
"102","4.06"
"103","7.71"
"104","0.16"
"105","2.15"
"106","8.71"
"107","3.12"
"108","6.58"
"109","4.77"
"110","6.81"
"111","2.88"
"112","0.16"
"113","0.61"
"114","2.97"
"115","1.64"
"116","3.89"
"117","3.22"
"118","6.78"
"119","0.67"
"120","3.37"
"121","7.96"
"122","8.75"
"123","4.08"
"124","4.32"
"125","0.01"
"126","1.37"
"127","9.75"
"128","5.72"
"129","4.11"
"130","1.23"
"131","7.59"
"132","6.87"
"133","2.6"
"134","3.1"
"135","7.16"
"136","7.35"
"137","3.58"
"138","4.83"
"139","3.1"
"140","6.16"
"141","4.82"
"142","2.29"
"143","2.28"
"144","6.74"
"145","1.94"
"146","1.5"
"147","9.99"
"148","4.03"
"149","1.92"
"150","2.28"
"151","1.13"
"152","0.13"
"153","7.61"
"154","8.92"
"155","3.23"
"156","9.41"
"157","1.99"
"158","6.88"
"159","0.32"
"160","2.57"
"161","9.06"
"162","7.03"
"163","9.8"
"164","9.1"
"165","0.55"
"166","5.46"
"167","8.46"
"168","1.71"
"169","6.02"
"170","0.79"
"171","8.5"
"172","7.81"
"173","2.94"
"174","1.76"
"175","9.66"
"176","9.61"
"177","7.97"
"178","9.31"
"179","3.15"
"180","4.57"
"181","3.89"
"182","6.08"
"183","6.52"
"184","2.36"
"185","8.48"
"186","0.39"
"187","1.79"
"188","7.83"
"189","6.44"
"190","6.87"
"191","2.14"
"192","9.94"
"193","0.58"
"194","9.98"
"195","8.44"
"196","2.7"
"197","4.09"
"198","5.93"
"199","4.04"
"200","5.15"
"201","5.13"
"202","1.66"
"203","6.76"
"204","8.67"
"205","0.8"
"206","9.0"
"207","0.29"
"208","8.33"
"209","4.37"
"210","5.93"
"211","9.16"
"212","4.75"
"213","0.38"
"214","4.44"
"215","9.94"
"216","0.86"
"217","7.18"
"218","4.77"
"219","3.86"
"220","7.45"
"221","3.33"
"222","2.63"
"223","5.57"
"224","7.8"
"225","4.52"
"226","2.23"
"227","4.45"
"228","6.52"
"229","6.95"
"230","8.62"
"231","1.87"
"232","1.17"
"233","3.62"
"234","0.83"
"235","7.23"
"236","3.85"
"237","7.79"
"238","5.5"
"239","8.87"
"240","5.33"
"241","5.31"
"242","1.09"
"243","9.95"
"244","9.59"
"245","1.81"
"246","7.95"
"247","2.09"
"248","8.54"
"249","2.6"
"250","6.93"
"251","6.71"
"252","2.49"
"253","7.71"
"254","8.97"
"255","9.28"
"256","6.14"
"257","7.01"
"258","2.31"
"259","7.16"
"260","5.02"
"261","7.93"
"262","8.52"
"263","8.19"
"264","3.43"
"265","0.44"
"266","3.8"
"267","1.27"
"268","9.16"
"269","2.07"
"270","7.14"
"271","4.74"
"272","3.21"
"273","0.85"
"274","2.49"
"275","4.84"
"276","8.94"
"277","0.52"
"278","0.95"
"279","1.94"
"280","0.43"
"281","6.8"
"282","3.77"
"283","0.7"
"284","9.54"
"285","6.71"
"286","0.2"
"287","9.37"
"288","7.89"
"289","2.08"
"290","2.02"
"291","3.69"
"292","0.39"
"293","7.86"
"294","2.48"
"295","1.36"
"296","7.4"
"297","4.13"
"298","0.81"
"299","4.52"
"300","1.96"
"301","7.22"
"302","2.3"
"303","9.11"
"304","2.13"
"305","9.24"
"306","1.72"
"307","2.01"
"308","7.74"
"309","4.61"
"310","1.04"
"311","8.06"
"312","0.49"
"313","9.49"
"314","3.77"
"315","2.88"
"316","8.58"
"317","6.61"
"318","4.19"
"319","9.88"
"320","9.61"
"321","7.36"
"322","8.7"
"323","8.19"
"324","6.64"
"325","7.74"
"326","7.2"
"327","2.69"
"328","8.95"
"329","1.31"
"330","6.83"
"331","8.24"
"332","0.95"
"333","7.89"
"334","1.07"
"335","1.16"
"336","7.53"
"337","1.03"
"338","9.42"
"339","0.28"
"340","8.61"
"341","2.0"
"342","1.44"
"343","1.82"
"344","1.38"
"345","5.41"
"346","9.17"
"347","4.91"
"348","5.86"
"349","8.78"
"350","6.31"
"351","4.41"
"352","8.59"
"353","8.65"
"354","8.67"
"355","9.65"
"356","1.75"
"357","4.5"
"358","5.34"
"359","5.02"
"360","5.53"
"361","9.27"
"362","2.6"
"363","8.25"
"364","3.26"
"365","5.52"
"366","4.56"
"367","8.52"
"368","7.03"
"369","2.68"
"370","9.69"
"371","3.22"
"372","4.34"
"373","3.47"
"374","6.53"
"375","8.1"
"376","6.31"
"377","3.34"
"378","4.3"
"379","1.63"
"380","1.03"
"381","9.86"
"382","6.57"
"383","6.96"
"384","3.64"
"385","4.8"
"386","1.5"
"387","9.08"
"388","1.77"
"389","2.06"
"390","0.28"
"391","4.41"
"392","8.6"
"393","1.84"
"394","5.11"
"395","5.59"
"396","2.63"
"397","1.01"
"398","0.52"
"399","9.57"
"400","0.15"
"401","5.85"
"402","3.28"
"403","9.96"
"404","3.29"
"405","8.13"
"406","5.74"
"407","3.7"
"408","5.16"
"409","8.11"
"410","8.96"
"411","4.47"
"412","5.34"
"413","3.26"
"414","4.2"
"415","3.11"
"416","1.51"
"417","6.32"
"418","2.29"
"419","6.55"
"420","5.6"
"421","8.54"
"422","6.9"
"423","2.43"
"424","0.01"
"425","3.98"
"426","6.96"
"427","9.51"
"428","8.47"
"429","8.98"
"430","6.79"
"431","1.25"
"432","1.47"
"433","1.14"
"434","0.84"
"435","3.07"
"436","9.34"
"437","3.97"
"438","0.43"
"439","1.68"
"440","2.62"
"441","9.94"
"442","2.97"
"443","0.57"
"444","2.36"
"445","3.85"
"446","8.68"
"447","9.38"
"448","5.01"
"449","2.23"
"450","2.05"
"451","0.91"
"452","1.74"
"453","1.69"
"454","0.42"
"455","9.44"
"456","0.54"
"457","8.03"
"458","9.64"
"459","0.25"
"460","5.96"
"461","2.65"
"462","9.8"
"463","5.71"
"464","8.62"
"465","4.64"
"466","6.71"
"467","5.74"
"468","9.35"
"469","3.93"
"470","5.18"
"471","3.68"
"472","1.45"
"473","3.79"
"474","9.73"
"475","5.02"
"476","3.36"
"477","6.44"
"478","0.3"
"479","9.01"
"480","5.65"
"481","9.04"
"482","9.02"
"483","1.61"
"484","3.94"
"485","4.1"
"486","2.16"
"487","9.14"
"488","8.94"
"489","2.94"
"490","6.64"
"491","9.26"
"492","3.35"
"493","8.65"
"494","1.1"
"495","7.34"
"496","8.14"
"497","4.64"
"498","9.72"
"499","9.92"
"500","8.1"
"501","3.34"
"502","2.17"
"503","9.68"
"504","2.8"
"505","0.63"
"506","2.19"
"507","6.81"
"508","7.78"
"509","0.44"
"510","7.78"
"511","3.18"
"512","8.49"
"513","2.11"
"514","8.2"
"515","8.4"
"516","6.32"
"517","0.79"
"518","5.85"
"519","1.35"
"520","9.96"
"521","0.15"
"522","9.86"
"523","0.24"
"524","6.44"
"525","2.81"
"526","7.94"
"527","7.73"
"528","6.69"
"529","2.66"
"530","3.5"
"531","0.24"
"532","1.72"
"533","1.31"
"534","9.12"
"535","7.33"
"536","4.48"
"537","7.87"
"538","4.74"
"539","6.94"
"540","9.18"
"541","7.76"
"542","2.0"
"543","4.88"
"544","2.75"
"545","8.13"
"546","1.2"
"547","2.91"
"548","9.43"
"549","4.24"
"550","3.07"
"551","3.97"
"552","1.51"
"553","7.8"
"554","0.09"
"555","9.84"
"556","1.07"
"557","3.5"
"558","7.44"
"559","7.13"
"560","2.22"
"561","2.79"
"562","7.46"
"563","9.19"
"564","0.97"
"565","0.15"
"566","4.5"
"567","4.3"
"568","7.47"
"569","5.44"
"570","0.88"
"571","0.71"
"572","3.29"
"573","8.07"
"574","7.69"
"575","0.65"
"576","3.52"
"577","4.97"
"578","7.33"
"579","9.41"
"580","9.91"
"581","9.26"
"582","9.58"
"583","0.24"
"584","5.74"
"585","1.57"
"586","6.41"
"587","3.68"
"588","3.85"
"589","0.09"
"590","3.91"
"591","9.12"
"592","3.34"
"593","9.13"
"594","4.76"
"595","1.31"
"596","8.52"
"597","0.95"
"598","3.72"
"599","6.38"
"600","9.36"
"601","5.01"
"602","0.44"
"603","5.14"
"604","2.93"
"605","9.38"
"606","4.94"
"607","2.75"
"608","5.66"
"609","4.51"
"610","8.54"
"611","2.16"
"612","1.88"
"613","1.27"
"614","6.08"
"615","1.15"
"616","9.18"
"617","2.68"
"618","7.02"
"619","4.69"
"620","2.32"
"621","2.38"
"622","1.57"
"623","5.01"
"624","6.13"
"625","7.61"
"626","3.81"
"627","0.09"
"628","7.25"
"629","4.21"
"630","2.39"
"631","9.78"
"632","1.07"
"633","2.47"
"634","5.15"
"635","7.49"
"636","7.7"
"637","4.15"
"638","3.4"
"639","5.03"
"640","6.31"
"641","9.25"
"642","8.18"
"643","4.64"
"644","0.22"
"645","9.44"
"646","2.33"
"647","9.48"
"648","9.17"
"649","6.37"
"650","8.77"
"651","2.43"
"652","2.2"
"653","1.99"
"654","9.38"
"655","5.2"
"656","0.64"
"657","3.77"
"658","5.88"
"659","8.0"
"660","8.15"
"661","3.49"
"662","4.55"
"663","6.94"
"664","1.4"
"665","6.89"
"666","6.26"
"667","0.99"
"668","0.6"
"669","3.37"
"670","7.61"
"671","9.2"
"672","9.96"
"673","7.65"
"674","8.51"
"675","3.39"
"676","1.88"
"677","8.62"
"678","6.49"
"679","6.35"
"680","5.22"
"681","1.17"
"682","1.39"
"683","4.18"
"684","1.47"
"685","3.44"
"686","1.75"
"687","9.68"
"688","2.26"
"689","2.3"
"690","7.0"
"691","2.87"
"692","1.27"
"693","0.02"
"694","5.15"
"695","4.07"
"696","6.78"
"697","8.0"
"698","8.33"
"699","1.48"
"700","3.38"
"701","8.23"
"702","9.64"
"703","5.42"
"704","9.0"
"705","5.41"
"706","1.42"
"707","6.4"
"708","4.16"
"709","1.24"
"710","4.88"
"711","8.49"
"712","1.89"
"713","8.63"
"714","9.47"
"715","0.2"
"716","6.55"
"717","1.41"
"718","0.23"
"719","1.96"
"720","6.98"
"721","4.87"
"722","8.92"
"723","4.04"
"724","0.15"
"725","0.25"
"726","4.19"
"727","8.37"
"728","1.95"
"729","5.49"
"730","0.78"
"731","4.5"
"732","5.75"
"733","8.75"
"734","6.04"
"735","2.01"
"736","6.78"
"737","2.56"
"738","7.11"
"739","1.43"
"740","9.0"
"741","9.78"
"742","0.3"
"743","7.61"
"744","5.38"
"745","8.68"
"746","6.82"
"747","0.97"
"748","2.89"
"749","8.08"
"750","1.29"
"751","6.52"
"752","8.65"
"753","0.73"
"754","6.98"
"755","8.61"
"756","3.4"
"757","4.6"
"758","4.59"
"759","1.44"
"760","2.94"
"761","8.71"
"762","4.62"
"763","0.01"
"764","6.71"
"765","9.27"
"766","0.29"
"767","7.67"
"768","6.5"
"769","3.88"
"770","4.66"
"771","0.6"
"772","2.16"
"773","5.96"
"774","6.07"
"775","5.25"
"776","3.7"
"777","3.86"
"778","1.8"
"779","0.63"
"780","3.17"
"781","4.16"
"782","6.97"
"783","6.39"
"784","2.37"
"785","5.28"
"786","9.94"
"787","5.24"
"788","4.95"
"789","1.79"
"790","6.13"
"791","6.36"
"792","8.32"
"793","6.56"
"794","8.6"
"795","2.04"
"796","0.77"
"797","2.37"
"798","9.49"
"799","8.91"
"800","4.51"
"801","6.73"
"802","8.66"
"803","5.3"
"804","2.05"
"805","2.21"
"806","9.45"
"807","5.76"
"808","6.18"
"809","6.64"
"810","8.97"
"811","4.03"
"812","2.41"
"813","7.47"
"814","4.0"
"815","0.75"
"816","3.88"
"817","1.41"
"818","8.3"
"819","2.46"
"820","2.42"
"821","5.11"
"822","9.21"
"823","8.05"
"824","6.26"
"825","5.15"
"826","1.64"
"827","7.11"
"828","0.74"
"829","1.5"
"830","6.95"
"831","4.47"
"832","5.79"
"833","6.11"
"834","8.94"
"835","2.57"
"836","5.9"
"837","3.63"
"838","3.72"
"839","1.67"
"840","4.73"
"841","3.01"
"842","2.98"
"843","1.07"
"844","2.49"
"845","2.37"
"846","8.84"
"847","3.97"
"848","9.42"
"849","5.07"
"850","7.75"
"851","7.77"
"852","3.08"
"853","0.31"
"854","7.21"
"855","0.69"
"856","3.5"
"857","4.57"
"858","4.18"
"859","2.98"
"860","2.25"
"861","8.76"
"862","2.84"
"863","0.32"
"864","3.06"
"865","3.0"
"866","4.57"
"867","3.08"
"868","9.68"
"869","7.82"
"870","8.47"
"871","4.12"
"872","1.58"
"873","0.4"
"874","6.28"
"875","3.97"
"876","9.47"
"877","6.07"
"878","4.91"
"879","2.73"
"880","2.45"
"881","2.59"
"882","3.6"
"883","2.45"
"884","3.61"
"885","5.44"
"886","8.14"
"887","7.19"
"888","4.57"
"889","9.12"
"890","4.06"
"891","8.88"
"892","5.15"
"893","8.74"
"894","5.32"
"895","1.55"
"896","3.6"
"897","8.67"
"898","3.03"
"899","6.37"
"900","8.37"
"901","1.71"
"902","6.24"
"903","1.2"
"904","1.19"
"905","6.39"
"906","9.71"
"907","3.15"
"908","8.52"
"909","4.75"
"910","2.34"
"911","6.93"
"912","6.27"
"913","2.31"
"914","7.61"
"915","6.9"
"916","2.7"
"917","9.2"
"918","9.95"
"919","4.92"
"920","2.74"
"921","6.84"
"922","4.34"
"923","1.41"
"924","1.01"
"925","9.64"
"926","5.0"
"927","2.19"
"928","8.35"
"929","4.49"
"930","3.72"
"931","0.9"
"932","8.19"
"933","8.8"
"934","0.75"
"935","9.76"
"936","8.41"
"937","3.31"
"938","3.63"
"939","5.49"
"940","8.51"
"941","5.3"
"942","3.26"
"943","1.85"
"944","9.11"
"945","5.32"
"946","7.2"
"947","3.09"
"948","9.45"
"949","1.79"
"950","5.59"
"951","5.75"
"952","5.67"
"953","2.8"
"954","6.89"
"955","0.56"
"956","0.29"
"957","2.37"
"958","3.48"
"959","7.53"
"960","0.76"
"961","1.81"
"962","7.99"
"963","3.28"
"964","3.93"
"965","2.45"
"966","3.55"
"967","4.7"
"968","0.52"
"969","1.82"
"970","3.15"
"971","7.32"
"972","2.86"
"973","7.68"
"974","6.24"
"975","2.04"
"976","4.98"
"977","9.47"
"978","0.53"
"979","9.26"
"980","9.63"
"981","9.24"
"982","8.11"
"983","2.57"
"984","6.27"
"985","8.84"
"986","1.84"
"987","0.99"
"988","9.38"
"989","1.85"
"990","2.85"
"991","1.45"
"992","3.36"
"993","2.31"
"994","4.97"
"995","9.21"
"996","7.38"
"997","3.64"
"998","7.47"
"999","6.76"
"1000","9.25"
"1001","5.1"
"1002","1.05"
"1003","3.76"
"1004","0.26"
"1005","6.22"
"1006","4.9"
"1007","6.66"
"1008","3.35"
"1009","2.19"
"1010","8.6"
"1011","3.95"
"1012","3.3"
"1013","7.47"
"1014","9.02"
"1015","7.53"
"1016","3.87"
"1017","9.54"
"1018","9.97"
"1019","3.87"
"1020","4.2"
"1021","8.0"
"1022","1.43"
"1023","6.32"
"1024","9.72"
"1025","0.39"
"1026","3.81"
"1027","0.29"
"1028","1.19"
"1029","2.23"
"1030","2.18"
"1031","6.88"
"1032","1.08"
"1033","9.08"
"1034","9.03"
"1035","6.73"
"1036","0.67"
"1037","9.29"
"1038","4.18"
"1039","5.73"
"1040","3.42"
"1041","3.46"
"1042","4.74"
"1043","7.69"
"1044","5.32"
"1045","8.06"
"1046","3.72"
"1047","1.11"
"1048","7.32"
"1049","9.45"
"1050","6.17"
"1051","8.71"
"1052","1.92"
"1053","5.24"
"1054","3.52"
"1055","0.98"
"1056","5.98"
"1057","8.32"
"1058","4.39"
"1059","2.0"
"1060","9.43"
"1061","5.47"
"1062","0.42"
"1063","8.23"
"1064","4.65"
"1065","6.37"
"1066","2.78"
"1067","8.73"
"1068","4.85"
"1069","3.48"
"1070","0.25"
"1071","3.51"
"1072","5.09"
"1073","7.53"
"1074","6.6"
"1075","2.74"
"1076","4.89"
"1077","6.68"
"1078","9.67"
"1079","3.9"
"1080","7.72"
"1081","7.18"
"1082","0.07"
"1083","0.12"
"1084","8.91"
"1085","8.07"
"1086","8.11"
"1087","1.1"
"1088","1.02"
"1089","6.61"
"1090","4.99"
"1091","6.77"
"1092","8.34"
"1093","3.16"
"1094","4.81"
"1095","8.94"
"1096","8.32"
"1097","5.38"
"1098","1.16"
"1099","2.24"
"1100","0.89"
"1101","2.8"
"1102","9.35"
"1103","8.74"
"1104","4.74"
"1105","2.49"
"1106","8.84"
"1107","8.0"
"1108","9.05"
"1109","1.86"
"1110","9.36"
"1111","3.1"
"1112","4.27"
"1113","5.95"
"1114","0.23"
"1115","3.67"
"1116","6.01"
"1117","6.86"
"1118","0.73"
"1119","4.21"
"1120","2.57"
"1121","6.91"
"1122","4.54"
"1123","5.71"
"1124","1.75"
"1125","2.45"
"1126","5.6"
"1127","5.99"
"1128","8.1"
"1129","4.92"
"1130","3.9"
"1131","5.09"
"1132","9.38"
"1133","3.74"
"1134","9.25"
"1135","1.34"
"1136","3.24"
"1137","6.63"
"1138","7.68"
"1139","4.9"
"1140","2.51"
"1141","1.94"
"1142","1.39"
"1143","8.07"
"1144","7.21"
"1145","3.1"
"1146","5.37"
"1147","8.9"
"1148","0.55"
"1149","6.04"
"1150","2.61"
"1151","6.03"
"1152","8.22"
"1153","7.71"
"1154","7.87"
"1155","2.95"
"1156","0.17"
"1157","7.31"
"1158","7.33"
"1159","0.14"
"1160","1.39"
"1161","2.23"
"1162","3.16"
"1163","1.87"
"1164","9.71"
"1165","4.77"
"1166","8.39"
"1167","4.09"
"1168","6.32"
"1169","3.26"
"1170","0.48"
"1171","1.95"
"1172","0.6"
"1173","3.48"
"1174","9.04"
"1175","9.89"
"1176","4.95"
"1177","7.89"
"1178","7.43"
"1179","2.94"
"1180","5.76"
"1181","4.14"
"1182","4.01"
"1183","6.75"
"1184","9.43"
"1185","5.03"
"1186","3.4"
"1187","0.18"
"1188","5.73"
"1189","9.71"
"1190","4.8"
"1191","4.89"
"1192","5.87"
"1193","2.96"
"1194","0.87"
"1195","1.92"
"1196","4.16"
"1197","6.33"
"1198","8.47"
"1199","8.79"
"1200","8.33"
"1201","6.14"
"1202","2.92"
"1203","0.85"
"1204","9.44"
"1205","6.47"
"1206","5.14"
"1207","6.17"
"1208","9.95"
"1209","6.73"
"1210","3.0"
"1211","2.48"
"1212","5.51"
"1213","9.37"
"1214","0.88"
"1215","2.89"
"1216","2.18"
"1217","7.21"
"1218","3.55"
"1219","9.6"
"1220","8.02"
"1221","7.52"
"1222","9.19"
"1223","9.22"
"1224","6.94"
"1225","4.24"
"1226","6.45"
"1227","9.43"
"1228","3.83"
"1229","3.13"
"1230","6.47"
"1231","1.65"
"1232","8.7"
"1233","1.85"
"1234","4.16"
"1235","2.19"
"1236","1.95"
"1237","0.38"
"1238","2.95"
"1239","4.86"
"1240","6.66"
"1241","3.39"
"1242","4.0"
"1243","1.79"
"1244","3.04"
"1245","0.37"
"1246","9.9"
"1247","2.59"
"1248","5.24"
"1249","4.69"
"1250","8.59"
"1251","5.36"
"1252","1.44"
"1253","4.2"
"1254","5.47"
"1255","0.25"
"1256","6.32"
"1257","3.51"
"1258","7.08"
"1259","6.72"
"1260","9.76"
"1261","7.59"
"1262","1.81"
"1263","8.32"
"1264","2.03"
"1265","7.59"
"1266","7.66"
"1267","9.75"
"1268","4.07"
"1269","1.09"
"1270","8.36"
"1271","7.54"
"1272","2.88"
"1273","0.83"
"1274","5.39"
"1275","8.2"
"1276","1.69"
"1277","4.44"
"1278","6.03"
"1279","1.21"
"1280","6.38"
"1281","8.9"
"1282","3.04"
"1283","6.56"
"1284","0.17"
"1285","0.91"
"1286","1.24"
"1287","9.3"
"1288","8.14"
"1289","1.87"
"1290","4.35"
"1291","0.47"
"1292","7.82"
"1293","2.15"
"1294","8.01"
"1295","5.37"
"1296","0.12"
"1297","8.02"
"1298","0.27"
"1299","8.76"
"1300","1.76"
"1301","0.13"
"1302","4.45"
"1303","2.78"
"1304","2.7"
"1305","2.96"
"1306","4.73"
"1307","2.97"
"1308","7.69"
"1309","9.33"
"1310","0.75"
"1311","7.61"
"1312","0.84"
"1313","3.07"
"1314","9.53"
"1315","0.66"
"1316","5.68"
"1317","6.68"
"1318","1.47"
"1319","6.08"
"1320","0.61"
"1321","7.31"
"1322","6.68"
"1323","6.5"
"1324","9.6"
"1325","3.98"
"1326","1.33"
"1327","5.45"
"1328","2.24"
"1329","0.57"
"1330","2.12"
"1331","6.6"
"1332","7.6"
"1333","7.73"
"1334","7.41"
"1335","9.0"
"1336","7.66"
"1337","0.97"
"1338","0.59"
"1339","8.33"
"1340","1.44"
"1341","2.91"
"1342","4.05"
"1343","5.78"
"1344","4.5"
"1345","8.12"
"1346","9.99"
"1347","0.45"
"1348","6.08"
"1349","1.69"
"1350","5.83"
"1351","8.1"
"1352","6.38"
"1353","3.75"
"1354","3.98"
"1355","1.24"
"1356","5.6"
"1357","4.7"
"1358","8.97"
"1359","7.21"
"1360","1.47"
"1361","1.37"
"1362","6.31"
"1363","4.41"
"1364","2.09"
"1365","7.91"
"1366","2.23"
"1367","0.52"
"1368","7.6"
"1369","1.52"
"1370","8.96"
"1371","3.44"
"1372","1.88"
"1373","5.91"
"1374","6.46"
"1375","4.41"
"1376","1.33"
"1377","1.3"
"1378","6.14"
"1379","6.29"
"1380","7.61"
"1381","2.17"
"1382","7.93"
"1383","1.32"
"1384","4.08"
"1385","1.59"
"1386","4.48"
"1387","3.73"
"1388","2.12"
"1389","3.07"
"1390","1.54"
"1391","6.69"
"1392","5.19"
"1393","7.57"
"1394","1.86"
"1395","3.16"
"1396","3.94"
"1397","7.97"
"1398","0.53"
"1399","2.63"
"1400","7.0"
"1401","6.83"
"1402","0.09"
"1403","4.06"
"1404","6.07"
"1405","0.62"
"1406","3.37"
"1407","1.59"
"1408","5.19"
"1409","6.58"
"1410","1.75"
"1411","6.85"
"1412","0.2"
"1413","7.72"
"1414","0.37"
"1415","1.16"
"1416","0.7"
"1417","9.92"
"1418","8.5"
"1419","3.29"
"1420","9.91"
"1421","3.0"
"1422","8.97"
"1423","5.01"
"1424","5.18"
"1425","9.33"
"1426","3.4"
"1427","5.91"
"1428","1.86"
"1429","3.0"
"1430","8.5"
"1431","1.72"
"1432","9.1"
"1433","4.79"
"1434","9.83"
"1435","5.29"
"1436","2.28"
"1437","6.63"
"1438","6.75"
"1439","6.29"
"1440","2.95"
"1441","5.32"
"1442","6.68"
"1443","4.06"
"1444","1.51"
"1445","7.41"
"1446","9.44"
"1447","5.47"
"1448","6.65"
"1449","8.85"
"1450","7.97"
"1451","5.7"
"1452","0.79"
"1453","0.79"
"1454","8.62"
"1455","4.8"
"1456","6.95"
"1457","1.53"
"1458","2.83"
"1459","4.82"
"1460","6.02"
"1461","7.87"
"1462","6.62"
"1463","5.19"
"1464","1.87"
"1465","3.81"
"1466","5.93"
"1467","0.94"
"1468","8.36"
"1469","3.24"
"1470","3.58"
"1471","1.37"
"1472","2.85"
"1473","9.8"
"1474","7.81"
"1475","8.52"
"1476","5.52"
"1477","0.98"
"1478","6.82"
"1479","9.64"
"1480","5.15"
"1481","5.62"
"1482","2.39"
"1483","7.56"
"1484","3.41"
"1485","0.88"
"1486","3.78"
"1487","1.56"
"1488","4.37"
"1489","3.99"
"1490","7.61"
"1491","3.44"
"1492","2.36"
"1493","7.28"
"1494","7.13"
"1495","2.2"
"1496","4.65"
"1497","6.05"
"1498","0.47"
"1499","9.88"
"1500","0.14"
"1501","0.34"
"1502","0.08"
"1503","5.57"
"1504","4.77"
"1505","4.41"
"1506","3.81"
"1507","4.56"
"1508","8.19"
"1509","1.25"
"1510","2.86"
"1511","7.85"
"1512","8.32"
"1513","5.02"
"1514","4.7"
"1515","8.06"
"1516","5.65"
"1517","7.35"
"1518","0.77"
"1519","9.74"
"1520","5.43"
"1521","0.77"
"1522","6.4"
"1523","8.64"
"1524","7.92"
"1525","0.87"
"1526","1.73"
"1527","8.14"
"1528","1.57"
"1529","7.43"
"1530","5.74"
"1531","4.41"
"1532","5.01"
"1533","8.33"
"1534","8.58"
"1535","2.74"
"1536","5.8"
"1537","9.33"
"1538","3.36"
"1539","7.26"
"1540","6.61"
"1541","2.48"
"1542","1.8"
"1543","1.56"
"1544","2.51"
"1545","7.83"
"1546","0.71"
"1547","6.1"
"1548","7.98"
"1549","5.72"
"1550","4.39"
"1551","6.23"
"1552","3.4"
"1553","7.65"
"1554","9.44"
"1555","7.84"
"1556","1.76"
"1557","0.21"
"1558","4.17"
"1559","4.17"
"1560","9.58"
"1561","6.07"
"1562","1.67"
"1563","1.24"
"1564","6.05"
"1565","0.72"
"1566","4.43"
"1567","7.79"
"1568","0.24"
"1569","2.79"
"1570","5.91"
"1571","5.37"
"1572","8.92"
"1573","4.01"
"1574","3.5"
"1575","2.87"
"1576","2.6"
"1577","8.44"
"1578","0.54"
"1579","7.22"
"1580","3.74"
"1581","6.96"
"1582","3.93"
"1583","5.5"
"1584","1.24"
"1585","0.8"
"1586","9.53"
"1587","0.27"
"1588","4.39"
"1589","9.81"
"1590","3.12"
"1591","5.75"
"1592","2.24"
"1593","4.77"
"1594","5.75"
"1595","3.35"
"1596","4.35"
"1597","6.99"
"1598","0.62"
"1599","7.95"
"1600","0.17"
"1601","0.01"
"1602","6.04"
"1603","6.03"
"1604","7.25"
"1605","6.31"
"1606","3.05"
"1607","6.51"
"1608","8.77"
"1609","0.23"
"1610","1.52"
"1611","4.01"
"1612","6.42"
"1613","1.77"
"1614","0.74"
"1615","4.0"
"1616","9.79"
"1617","9.35"
"1618","2.82"
"1619","4.27"
"1620","9.22"
"1621","0.03"
"1622","5.27"
"1623","3.22"
"1624","0.11"
"1625","5.64"
"1626","9.71"
"1627","3.95"
"1628","0.22"
"1629","4.26"
"1630","5.21"
"1631","1.22"
"1632","4.15"
"1633","9.18"
"1634","3.08"
"1635","7.32"
"1636","5.07"
"1637","2.22"
"1638","6.21"
"1639","6.59"
"1640","3.94"
"1641","6.91"
"1642","8.4"
"1643","3.79"
"1644","6.76"
"1645","9.79"
"1646","0.64"
"1647","2.01"
"1648","0.99"
"1649","0.0"
"1650","4.4"
"1651","5.15"
"1652","2.24"
"1653","9.05"
"1654","2.83"
"1655","5.84"
"1656","1.33"
"1657","6.71"
"1658","1.98"
"1659","1.59"
"1660","2.06"
"1661","3.89"
"1662","4.01"
"1663","5.77"
"1664","4.91"
"1665","8.39"
"1666","1.98"
"1667","7.19"
"1668","2.77"
"1669","8.04"
"1670","9.73"
"1671","2.36"
"1672","2.44"
"1673","4.81"
"1674","1.04"
"1675","1.36"
"1676","7.04"
"1677","3.63"
"1678","0.03"
"1679","8.37"
"1680","0.67"
"1681","1.15"
"1682","4.9"
"1683","1.66"
"1684","5.09"
"1685","5.79"
"1686","6.05"
"1687","2.12"
"1688","5.09"
"1689","2.89"
"1690","9.88"
"1691","8.92"
"1692","3.53"
"1693","0.55"
"1694","6.07"
"1695","4.9"
"1696","5.75"
"1697","7.76"
"1698","9.15"
"1699","1.63"
"1700","0.64"
"1701","9.4"
"1702","1.15"
"1703","8.56"
"1704","4.58"
"1705","2.23"
"1706","8.11"
"1707","6.2"
"1708","4.47"
"1709","8.78"
"1710","0.05"
"1711","3.39"
"1712","6.98"
"1713","6.98"
"1714","6.07"
"1715","2.37"
"1716","2.28"
"1717","6.02"
"1718","6.92"
"1719","0.65"
"1720","6.79"
"1721","7.04"
"1722","1.11"
"1723","3.19"
"1724","2.41"
"1725","1.1"
"1726","9.77"
"1727","1.15"
"1728","4.51"
"1729","6.38"
"1730","3.99"
"1731","2.69"
"1732","1.09"
"1733","4.25"
"1734","6.37"
"1735","1.64"
"1736","9.98"
"1737","5.02"
"1738","2.4"
"1739","1.48"
"1740","0.07"
"1741","8.22"
"1742","1.55"
"1743","8.83"
"1744","6.21"
"1745","6.08"
"1746","8.6"
"1747","0.76"
"1748","4.94"
"1749","3.72"
"1750","1.54"
"1751","7.99"
"1752","1.2"
"1753","5.14"
"1754","1.41"
"1755","5.31"
"1756","0.61"
"1757","0.99"
"1758","1.9"
"1759","9.01"
"1760","5.38"
"1761","3.01"
"1762","6.9"
"1763","9.54"
"1764","2.56"
"1765","2.99"
"1766","6.65"
"1767","0.61"
"1768","6.59"
"1769","0.19"
"1770","7.31"
"1771","8.28"
"1772","9.08"
"1773","5.75"
"1774","8.7"
"1775","4.19"
"1776","5.03"
"1777","0.64"
"1778","5.29"
"1779","9.68"
"1780","6.46"
"1781","7.39"
"1782","1.53"
"1783","3.05"
"1784","2.8"
"1785","6.21"
"1786","8.69"
"1787","0.24"
"1788","4.34"
"1789","8.5"
"1790","2.27"
"1791","4.9"
"1792","2.81"
"1793","6.57"
"1794","6.83"
"1795","0.35"
"1796","7.78"
"1797","1.34"
"1798","9.11"
"1799","1.49"
"1800","2.48"
"1801","1.77"
"1802","1.67"
"1803","3.28"
"1804","2.12"
"1805","5.09"
"1806","5.78"
"1807","1.66"
"1808","3.37"
"1809","7.94"
"1810","9.64"
"1811","4.91"
"1812","8.0"
"1813","1.41"
"1814","6.65"
"1815","9.58"
"1816","0.76"
"1817","0.83"
"1818","3.96"
"1819","5.54"
"1820","1.57"
"1821","8.4"
"1822","2.38"
"1823","6.68"
"1824","4.3"
"1825","5.43"
"1826","2.83"
"1827","9.75"
"1828","4.01"
"1829","5.23"
"1830","0.51"
"1831","5.86"
"1832","9.2"
"1833","4.89"
"1834","9.89"
"1835","1.4"
"1836","8.7"
"1837","3.22"
"1838","9.98"
"1839","0.77"
"1840","6.01"
"1841","2.13"
"1842","1.58"
"1843","5.09"
"1844","8.54"
"1845","3.6"
"1846","3.16"
"1847","1.65"
"1848","8.75"
"1849","0.86"
"1850","7.71"
"1851","6.84"
"1852","7.02"
"1853","8.66"
"1854","8.42"
"1855","2.05"
"1856","2.75"
"1857","0.45"
"1858","7.27"
"1859","4.04"
"1860","1.89"
"1861","2.43"
"1862","5.84"
"1863","2.22"
"1864","3.07"
"1865","2.93"
"1866","5.83"
"1867","6.28"
"1868","7.84"
"1869","3.32"
"1870","3.56"
"1871","7.75"
"1872","7.07"
"1873","8.94"
"1874","8.99"
"1875","4.91"
"1876","0.59"
"1877","9.6"
"1878","0.16"
"1879","3.69"
"1880","0.26"
"1881","7.32"
"1882","6.04"
"1883","8.52"
"1884","3.92"
"1885","3.81"
"1886","8.98"
"1887","0.03"
"1888","8.76"
"1889","7.97"
"1890","6.51"
"1891","3.78"
"1892","7.38"
"1893","3.7"
"1894","3.13"
"1895","0.8"
"1896","4.96"
"1897","9.24"
"1898","5.32"
"1899","6.52"
"1900","6.78"
"1901","2.02"
"1902","0.51"
"1903","4.29"
"1904","9.53"
"1905","3.16"
"1906","0.7"
"1907","3.34"
"1908","2.16"
"1909","5.81"
"1910","2.39"
"1911","7.24"
"1912","6.63"
"1913","5.36"
"1914","4.81"
"1915","6.37"
"1916","6.2"
"1917","1.71"
"1918","8.81"
"1919","5.85"
"1920","6.76"
"1921","7.76"
"1922","4.47"
"1923","5.2"
"1924","3.01"
"1925","3.78"
"1926","6.95"
"1927","7.1"
"1928","2.3"
"1929","3.0"
"1930","1.16"
"1931","2.07"
"1932","5.2"
"1933","4.61"
"1934","6.51"
"1935","5.56"
"1936","8.0"
"1937","3.74"
"1938","7.93"
"1939","5.43"
"1940","8.84"
"1941","5.28"
"1942","0.04"
"1943","9.79"
"1944","7.81"
"1945","0.72"
"1946","1.14"
"1947","4.45"
"1948","1.27"
"1949","5.06"
"1950","8.95"
"1951","1.19"
"1952","1.0"
"1953","9.83"
"1954","8.07"
"1955","0.14"
"1956","2.68"
"1957","3.74"
"1958","8.52"
"1959","2.12"
"1960","1.41"
"1961","1.44"
"1962","7.94"
"1963","1.99"
"1964","3.85"
"1965","6.22"
"1966","8.22"
"1967","0.07"
"1968","3.22"
"1969","9.14"
"1970","3.68"
"1971","5.69"
"1972","5.66"
"1973","0.67"
"1974","3.99"
"1975","9.79"
"1976","0.09"
"1977","9.89"
"1978","3.33"
"1979","3.69"
"1980","2.78"
"1981","0.75"
"1982","3.56"
"1983","1.8"
"1984","9.1"
"1985","2.2"
"1986","8.91"
"1987","4.9"
"1988","0.56"
"1989","2.4"
"1990","9.65"
"1991","7.87"
"1992","4.06"
"1993","8.99"
"1994","2.76"
"1995","7.99"
"1996","2.97"
"1997","9.18"
"1998","3.54"
"1999","4.76"
"2000","5.91"
"2001","2.84"
"2002","7.89"
"2003","3.51"
"2004","3.49"
"2005","7.42"
"2006","1.79"
"2007","5.6"
"2008","7.47"
"2009","0.75"
"2010","2.97"
"2011","9.25"
"2012","3.46"
"2013","7.35"
"2014","8.92"
"2015","3.91"
"2016","0.47"
"2017","7.9"
"2018","9.57"
"2019","3.73"
"2020","0.07"
"2021","9.9"
"2022","3.23"
"2023","8.69"
"2024","2.23"
"2025","7.75"
"2026","1.71"
"2027","5.31"
"2028","1.59"
"2029","4.97"
"2030","0.72"
"2031","5.24"
"2032","4.95"
"2033","4.4"
"2034","7.19"
"2035","2.17"
"2036","7.68"
"2037","8.51"
"2038","8.89"
"2039","5.87"
"2040","4.78"
"2041","1.15"
"2042","4.55"
"2043","5.44"
"2044","1.36"
"2045","2.55"
"2046","2.21"
"2047","6.64"
"2048","2.25"
"2049","0.54"
"2050","8.66"
"2051","0.36"
"2052","1.33"
"2053","1.31"
"2054","1.88"
"2055","6.28"
"2056","2.13"
"2057","6.04"
"2058","1.9"
"2059","8.61"
"2060","5.73"
"2061","4.93"
"2062","4.16"
"2063","5.58"
"2064","6.12"
"2065","3.01"
"2066","5.29"
"2067","0.36"
"2068","5.34"
"2069","3.47"
"2070","5.95"
"2071","3.18"
"2072","2.01"
"2073","1.59"
"2074","6.42"
"2075","2.93"
"2076","6.21"
"2077","7.17"
"2078","2.2"
"2079","1.0"
"2080","4.53"
"2081","5.39"
"2082","9.23"
"2083","1.96"
"2084","1.74"
"2085","3.9"
"2086","6.83"
"2087","4.75"
"2088","9.95"
"2089","9.28"
"2090","9.79"
"2091","0.15"
"2092","7.31"
"2093","3.02"
"2094","2.54"
"2095","5.35"
"2096","7.95"
"2097","7.29"
"2098","2.31"
"2099","7.75"
"2100","6.26"
"2101","1.03"
"2102","0.85"
"2103","0.41"
"2104","7.21"
"2105","8.24"
"2106","7.5"
"2107","1.37"
"2108","4.37"
"2109","9.36"
"2110","0.7"
"2111","9.03"
"2112","2.42"
"2113","0.22"
"2114","7.2"
"2115","8.66"
"2116","6.65"
"2117","8.19"
"2118","8.08"
"2119","1.39"
"2120","4.42"
"2121","8.75"
"2122","2.86"
"2123","3.99"
"2124","6.33"
"2125","5.09"
"2126","7.81"
"2127","8.32"
"2128","8.36"
"2129","2.3"
"2130","0.4"
"2131","7.95"
"2132","3.89"
"2133","3.31"
"2134","1.76"
"2135","5.39"
"2136","9.91"
"2137","0.89"
"2138","8.0"
"2139","0.28"
"2140","5.51"
"2141","2.54"
"2142","5.87"
"2143","1.83"
"2144","4.14"
"2145","9.87"
"2146","7.27"
"2147","8.02"
"2148","1.67"
"2149","0.53"
"2150","6.06"
"2151","7.26"
"2152","0.86"
"2153","5.04"
"2154","8.62"
"2155","6.32"
"2156","4.38"
"2157","8.85"
"2158","6.26"
"2159","4.93"
"2160","3.45"
"2161","9.13"
"2162","6.98"
"2163","8.49"
"2164","8.15"
"2165","2.39"
"2166","7.87"
"2167","6.0"
"2168","9.07"
"2169","2.59"
"2170","6.78"
"2171","5.73"
"2172","1.73"
"2173","5.93"
"2174","7.37"
"2175","7.08"
"2176","6.18"
"2177","6.46"
"2178","2.35"
"2179","1.93"
"2180","6.73"
"2181","8.4"
"2182","6.09"
"2183","2.49"
"2184","1.28"
"2185","9.24"
"2186","7.0"
"2187","8.76"
"2188","6.02"
"2189","2.74"
"2190","5.04"
"2191","4.66"
"2192","6.65"
"2193","4.89"
"2194","9.3"
"2195","0.23"
"2196","2.31"
"2197","2.76"
"2198","7.36"
"2199","7.84"
"2200","4.85"
"2201","1.11"
"2202","9.24"
"2203","0.16"
"2204","2.39"
"2205","2.05"
"2206","9.92"
"2207","6.01"
"2208","9.97"
"2209","2.69"
"2210","5.08"
"2211","0.9"
"2212","0.19"
"2213","5.44"
"2214","1.22"
"2215","4.1"
"2216","7.44"
"2217","1.64"
"2218","5.96"
"2219","3.95"
"2220","5.23"
"2221","8.43"
"2222","7.92"
"2223","1.59"
"2224","5.18"
"2225","0.44"
"2226","1.35"
"2227","3.47"
"2228","1.5"
"2229","0.56"
"2230","3.27"
"2231","4.22"
"2232","0.15"
"2233","2.68"
"2234","5.78"
"2235","2.65"
"2236","4.15"
"2237","4.28"
"2238","7.49"
"2239","7.81"
"2240","9.07"
"2241","9.86"
"2242","9.35"
"2243","5.48"
"2244","3.59"
"2245","9.19"
"2246","3.58"
"2247","7.12"
"2248","5.06"
"2249","3.13"
"2250","0.52"
"2251","6.64"
"2252","9.69"
"2253","7.35"
"2254","0.9"
"2255","5.97"
"2256","7.03"
"2257","4.55"
"2258","5.44"
"2259","5.79"
"2260","2.44"
"2261","5.82"
"2262","0.93"
"2263","8.52"
"2264","5.45"
"2265","3.83"
"2266","7.97"
"2267","2.87"
"2268","7.19"
"2269","8.75"
"2270","3.69"
"2271","6.57"
"2272","7.87"
"2273","5.32"
"2274","7.81"
"2275","4.52"
"2276","2.38"
"2277","5.49"
"2278","9.72"
"2279","4.08"
"2280","9.47"
"2281","4.99"
"2282","3.26"
"2283","3.23"
"2284","6.08"
"2285","4.13"
"2286","5.91"
"2287","0.43"
"2288","4.29"
"2289","8.06"
"2290","9.19"
"2291","7.24"
"2292","7.68"
"2293","0.78"
"2294","9.54"
"2295","5.0"
"2296","2.11"
"2297","4.17"
"2298","3.95"
"2299","7.5"
"2300","3.17"
"2301","5.62"
"2302","7.45"
"2303","8.27"
"2304","0.26"
"2305","4.22"
"2306","8.27"
"2307","0.86"
"2308","2.58"
"2309","8.39"
"2310","2.55"
"2311","0.16"
"2312","3.1"
"2313","3.57"
"2314","8.09"
"2315","5.29"
"2316","7.74"
"2317","7.39"
"2318","4.11"
"2319","0.47"
"2320","6.85"
"2321","1.86"
"2322","8.42"
"2323","4.24"
"2324","4.51"
"2325","4.26"
"2326","8.57"
"2327","9.74"
"2328","9.46"
"2329","1.32"
"2330","0.94"
"2331","7.11"
"2332","1.33"
"2333","1.94"
"2334","4.1"
"2335","3.35"
"2336","6.64"
"2337","4.16"
"2338","5.68"
"2339","5.51"
"2340","5.08"
"2341","2.95"
"2342","4.0"
"2343","1.13"
"2344","0.29"
"2345","0.15"
"2346","8.0"
"2347","2.78"
"2348","8.58"
"2349","3.63"
"2350","0.68"
"2351","4.16"
"2352","6.18"
"2353","2.37"
"2354","0.18"
"2355","6.16"
"2356","6.08"
"2357","5.82"
"2358","8.56"
"2359","3.51"
"2360","1.58"
"2361","8.92"
"2362","6.36"
"2363","1.38"
"2364","7.63"
"2365","7.12"
"2366","2.45"
"2367","3.83"
"2368","7.84"
"2369","0.96"
"2370","9.91"
"2371","1.81"
"2372","3.15"
"2373","8.2"
"2374","3.85"
"2375","9.9"
"2376","2.68"
"2377","0.53"
"2378","3.12"
"2379","6.19"
"2380","1.64"
"2381","2.47"
"2382","5.48"
"2383","1.11"
"2384","1.26"
"2385","7.85"
"2386","5.55"
"2387","5.19"
"2388","5.44"
"2389","6.47"
"2390","3.38"
"2391","2.48"
"2392","9.02"
"2393","9.59"
"2394","5.8"
"2395","6.62"
"2396","8.61"
"2397","6.39"
"2398","5.99"
"2399","5.13"
"2400","5.78"
"2401","1.36"
"2402","3.3"
"2403","2.47"
"2404","7.64"
"2405","1.0"
"2406","4.18"
"2407","9.06"
"2408","7.5"
"2409","9.38"
"2410","1.16"
"2411","3.0"
"2412","0.28"
"2413","6.5"
"2414","0.2"
"2415","0.99"
"2416","6.42"
"2417","4.13"
"2418","5.34"
"2419","1.31"
"2420","4.77"
"2421","2.04"
"2422","3.75"
"2423","4.59"
"2424","4.46"
"2425","1.45"
"2426","6.92"
"2427","8.21"
"2428","9.75"
"2429","1.49"
"2430","7.86"
"2431","0.04"
"2432","7.34"
"2433","7.93"
"2434","9.74"
"2435","5.33"
"2436","4.0"
"2437","1.45"
"2438","6.49"
"2439","3.89"
"2440","2.86"
"2441","7.99"
"2442","4.3"
"2443","7.93"
"2444","6.5"
"2445","5.24"
"2446","8.0"
"2447","4.68"
"2448","6.48"
"2449","2.81"
"2450","6.58"
"2451","9.32"
"2452","3.12"
"2453","5.57"
"2454","7.14"
"2455","0.37"
"2456","8.98"
"2457","4.86"
"2458","5.62"
"2459","7.36"
"2460","4.49"
"2461","0.17"
"2462","7.38"
"2463","9.58"
"2464","6.16"
"2465","0.95"
"2466","1.26"
"2467","9.45"
"2468","2.21"
"2469","7.77"
"2470","4.47"
"2471","8.29"
"2472","0.49"
"2473","6.32"
"2474","7.22"
"2475","3.7"
"2476","7.47"
"2477","5.45"
"2478","0.81"
"2479","4.19"
"2480","1.71"
"2481","7.43"
"2482","5.62"
"2483","8.24"
"2484","5.35"
"2485","1.05"
"2486","1.54"
"2487","4.5"
"2488","2.65"
"2489","5.65"
"2490","3.37"
"2491","5.07"
"2492","3.47"
"2493","4.94"
"2494","4.13"
"2495","5.9"
"2496","2.76"
"2497","6.91"
"2498","1.66"
"2499","3.85"
"2500","4.76"
"2501","0.23"
"2502","5.48"
"2503","1.93"
"2504","0.14"
"2505","1.38"
"2506","8.9"
"2507","4.88"
"2508","9.22"
"2509","6.93"
"2510","9.73"
"2511","3.64"
"2512","2.32"
"2513","0.2"
"2514","7.01"
"2515","7.91"
"2516","3.35"
"2517","4.4"
"2518","0.01"
"2519","7.76"
"2520","1.37"
"2521","8.46"
"2522","8.01"
"2523","8.09"
"2524","7.44"
"2525","7.41"
"2526","9.08"
"2527","7.0"
"2528","7.44"
"2529","2.76"
"2530","1.2"
"2531","3.29"
"2532","9.89"
"2533","2.39"
"2534","2.71"
"2535","4.26"
"2536","2.1"
"2537","2.22"
"2538","5.02"
"2539","2.43"
"2540","0.83"
"2541","1.22"
"2542","4.42"
"2543","0.1"
"2544","0.83"
"2545","6.92"
"2546","4.88"
"2547","4.61"
"2548","1.87"
"2549","6.84"
"2550","2.93"
"2551","9.97"
"2552","9.99"
"2553","1.42"
"2554","3.72"
"2555","8.17"
"2556","1.35"
"2557","2.98"
"2558","2.17"
"2559","8.06"
"2560","7.71"
"2561","6.57"
"2562","7.72"
"2563","8.58"
"2564","3.2"
"2565","2.52"
"2566","5.1"
"2567","8.92"
"2568","5.32"
"2569","0.82"
"2570","2.73"
"2571","3.5"
"2572","8.49"
"2573","4.85"
"2574","2.75"
"2575","3.24"
"2576","1.1"
"2577","7.61"
"2578","2.15"
"2579","8.4"
"2580","5.71"
"2581","3.85"
"2582","4.17"
"2583","8.82"
"2584","1.88"
"2585","6.62"
"2586","7.29"
"2587","1.29"
"2588","3.64"
"2589","2.62"
"2590","4.52"
"2591","2.79"
"2592","9.63"
"2593","6.83"
"2594","0.65"
"2595","7.39"
"2596","0.2"
"2597","5.13"
"2598","9.03"
"2599","2.72"
"2600","9.56"
"2601","9.29"
"2602","4.42"
"2603","4.62"
"2604","9.15"
"2605","0.6"
"2606","7.61"
"2607","3.09"
"2608","3.67"
"2609","5.53"
"2610","5.53"
"2611","9.67"
"2612","0.78"
"2613","5.11"
"2614","4.35"
"2615","0.24"
"2616","1.77"
"2617","0.07"
"2618","1.57"
"2619","3.18"
"2620","6.12"
"2621","5.81"
"2622","3.71"
"2623","1.38"
"2624","8.34"
"2625","7.64"
"2626","7.82"
"2627","4.33"
"2628","6.76"
"2629","5.16"
"2630","0.61"
"2631","9.91"
"2632","6.76"
"2633","7.03"
"2634","9.12"
"2635","3.59"
"2636","5.98"
"2637","8.69"
"2638","7.01"
"2639","6.23"
"2640","6.69"
"2641","8.93"
"2642","7.32"
"2643","3.35"
"2644","4.57"
"2645","2.12"
"2646","8.18"
"2647","4.18"
"2648","9.84"
"2649","2.14"
"2650","0.08"
"2651","3.1"
"2652","3.9"
"2653","2.7"
"2654","8.0"
"2655","0.78"
"2656","8.75"
"2657","2.01"
"2658","1.69"
"2659","5.31"
"2660","6.26"
"2661","2.46"
"2662","0.98"
"2663","3.4"
"2664","1.91"
"2665","6.04"
"2666","0.73"
"2667","1.32"
"2668","5.29"
"2669","9.26"
"2670","6.36"
"2671","4.84"
"2672","9.32"
"2673","8.56"
"2674","2.37"
"2675","8.64"
"2676","9.52"
"2677","6.22"
"2678","4.85"
"2679","8.82"
"2680","3.18"
"2681","0.15"
"2682","1.4"
"2683","3.75"
"2684","1.35"
"2685","3.24"
"2686","0.0"
"2687","2.75"
"2688","6.83"
"2689","4.04"
"2690","3.18"
"2691","8.92"
"2692","6.76"
"2693","1.24"
"2694","3.16"
"2695","3.45"
"2696","2.58"
"2697","2.82"
"2698","2.96"
"2699","6.1"
"2700","3.1"
"2701","8.1"
"2702","0.42"
"2703","9.96"
"2704","8.85"
"2705","5.01"
"2706","3.22"
"2707","3.2"
"2708","0.55"
"2709","7.25"
"2710","2.74"
"2711","7.45"
"2712","2.5"
"2713","5.49"
"2714","9.11"
"2715","2.43"
"2716","5.05"
"2717","0.36"
"2718","1.76"
"2719","7.73"
"2720","0.35"
"2721","7.4"
"2722","3.61"
"2723","5.45"
"2724","3.4"
"2725","8.39"
"2726","3.17"
"2727","4.31"
"2728","7.25"
"2729","4.41"
"2730","1.64"
"2731","8.16"
"2732","8.97"
"2733","6.25"
"2734","0.63"
"2735","0.31"
"2736","7.19"
"2737","4.76"
"2738","7.33"
"2739","2.6"
"2740","0.58"
"2741","2.2"
"2742","3.51"
"2743","1.81"
"2744","8.8"
"2745","7.37"
"2746","5.34"
"2747","6.42"
"2748","1.61"
"2749","9.39"
"2750","7.02"
"2751","1.4"
"2752","4.98"
"2753","2.76"
"2754","1.69"
"2755","6.01"
"2756","1.74"
"2757","9.43"
"2758","4.27"
"2759","1.41"
"2760","5.05"
"2761","2.13"
"2762","2.3"
"2763","1.6"
"2764","5.87"
"2765","9.64"
"2766","9.7"
"2767","4.75"
"2768","1.87"
"2769","6.2"
"2770","0.27"
"2771","9.08"
"2772","9.49"
"2773","5.55"
"2774","7.22"
"2775","1.61"
"2776","4.83"
"2777","5.25"
"2778","0.18"
"2779","6.6"
"2780","8.79"
"2781","7.92"
"2782","9.34"
"2783","9.04"
"2784","2.13"
"2785","2.8"
"2786","7.32"
"2787","8.42"
"2788","7.24"
"2789","8.81"
"2790","5.72"
"2791","4.48"
"2792","5.79"
"2793","8.39"
"2794","0.55"
"2795","6.19"
"2796","6.11"
"2797","3.0"
"2798","3.8"
"2799","9.73"
"2800","1.74"
"2801","4.81"
"2802","7.69"
"2803","7.71"
"2804","9.38"
"2805","6.89"
"2806","5.45"
"2807","8.25"
"2808","7.84"
"2809","9.78"
"2810","4.28"
"2811","0.49"
"2812","0.88"
"2813","0.49"
"2814","2.37"
"2815","5.24"
"2816","0.89"
"2817","4.38"
"2818","6.42"
"2819","0.66"
"2820","4.28"
"2821","2.08"
"2822","0.12"
"2823","9.06"
"2824","7.59"
"2825","2.31"
"2826","2.99"
"2827","6.66"
"2828","7.16"
"2829","4.36"
"2830","9.41"
"2831","9.53"
"2832","1.84"
"2833","2.49"
"2834","9.99"
"2835","5.83"
"2836","4.94"
"2837","9.67"
"2838","2.37"
"2839","9.95"
"2840","5.85"
"2841","3.84"
"2842","5.15"
"2843","4.82"
"2844","4.74"
"2845","0.34"
"2846","6.5"
"2847","3.96"
"2848","4.3"
"2849","1.52"
"2850","9.72"
"2851","0.55"
"2852","1.12"
"2853","4.98"
"2854","3.34"
"2855","1.33"
"2856","9.89"
"2857","2.14"
"2858","4.08"
"2859","2.05"
"2860","4.59"
"2861","1.05"
"2862","4.89"
"2863","0.26"
"2864","3.39"
"2865","6.44"
"2866","9.07"
"2867","9.24"
"2868","3.4"
"2869","7.14"
"2870","5.53"
"2871","9.81"
"2872","0.0"
"2873","8.99"
"2874","4.42"
"2875","4.09"
"2876","3.2"
"2877","1.54"
"2878","4.77"
"2879","0.97"
"2880","7.96"
"2881","8.73"
"2882","0.25"
"2883","2.4"
"2884","6.27"
"2885","5.93"
"2886","9.66"
"2887","2.89"
"2888","0.23"
"2889","1.87"
"2890","9.31"
"2891","7.0"
"2892","6.29"
"2893","2.95"
"2894","3.23"
"2895","5.1"
"2896","3.7"
"2897","2.36"
"2898","0.3"
"2899","7.12"
"2900","7.3"
"2901","6.99"
"2902","6.3"
"2903","8.88"
"2904","1.0"
"2905","7.28"
"2906","0.48"
"2907","1.91"
"2908","4.6"
"2909","8.51"
"2910","0.11"
"2911","1.74"
"2912","0.94"
"2913","3.53"
"2914","2.02"
"2915","2.02"
"2916","3.59"
"2917","4.95"
"2918","3.75"
"2919","6.23"
"2920","4.83"
"2921","5.99"
"2922","0.01"
"2923","8.85"
"2924","0.15"
"2925","1.7"
"2926","6.11"
"2927","3.24"
"2928","1.89"
"2929","1.07"
"2930","6.48"
"2931","9.02"
"2932","8.44"
"2933","0.72"
"2934","5.49"
"2935","2.04"
"2936","3.18"
"2937","4.84"
"2938","6.93"
"2939","4.55"
"2940","8.8"
"2941","0.13"
"2942","3.95"
"2943","2.59"
"2944","1.52"
"2945","1.61"
"2946","4.7"
"2947","7.77"
"2948","3.17"
"2949","6.81"
"2950","7.01"
"2951","6.48"
"2952","6.82"
"2953","5.44"
"2954","5.66"
"2955","1.41"
"2956","4.69"
"2957","6.95"
"2958","0.05"
"2959","3.33"
"2960","6.03"
"2961","0.65"
"2962","6.38"
"2963","9.46"
"2964","8.22"
"2965","4.68"
"2966","6.77"
"2967","9.2"
"2968","7.93"
"2969","9.48"
"2970","5.8"
"2971","8.64"
"2972","0.65"
"2973","8.62"
"2974","3.73"
"2975","6.92"
"2976","9.17"
"2977","6.57"
"2978","9.52"
"2979","2.51"
"2980","5.47"
"2981","2.17"
"2982","8.8"
"2983","7.87"
"2984","5.28"
"2985","3.02"
"2986","5.96"
"2987","4.87"
"2988","5.82"
"2989","4.37"
"2990","1.48"
"2991","2.91"
"2992","1.95"
"2993","0.41"
"2994","7.85"
"2995","0.9"
"2996","2.58"
"2997","5.03"
"2998","6.35"
"2999","7.19"
"3000","8.21"
"3001","2.31"
"3002","3.63"
"3003","0.74"
"3004","7.79"
"3005","7.21"
"3006","0.84"
"3007","5.29"
"3008","1.39"
"3009","6.09"
"3010","7.31"
"3011","9.33"
"3012","0.96"
"3013","4.35"
"3014","5.9"
"3015","6.18"
"3016","2.52"
"3017","8.35"
"3018","5.8"
"3019","1.47"
"3020","6.72"
"3021","6.18"
"3022","8.07"
"3023","3.83"
"3024","4.85"
"3025","6.26"
"3026","8.52"
"3027","1.89"
"3028","8.47"
"3029","6.14"
"3030","8.43"
"3031","0.86"
"3032","1.12"
"3033","9.73"
"3034","2.34"
"3035","7.82"
"3036","6.86"
"3037","4.33"
"3038","4.54"
"3039","8.63"
"3040","9.47"
"3041","1.79"
"3042","7.15"
"3043","2.72"
"3044","2.45"
"3045","2.6"
"3046","2.87"
"3047","4.05"
"3048","5.25"
"3049","8.51"
"3050","5.78"
"3051","0.83"
"3052","7.89"
"3053","1.58"
"3054","3.09"
"3055","6.0"
"3056","5.9"
"3057","9.74"
"3058","3.82"
"3059","0.72"
"3060","2.15"
"3061","6.29"
"3062","8.71"
"3063","2.22"
"3064","2.21"
"3065","2.97"
"3066","6.34"
"3067","0.57"
"3068","6.39"
"3069","9.86"
"3070","3.82"
"3071","1.74"
"3072","7.14"
"3073","1.49"
"3074","9.46"
"3075","1.12"
"3076","7.16"
"3077","3.97"
"3078","1.61"
"3079","0.85"
"3080","3.18"
"3081","3.57"
"3082","5.5"
"3083","1.75"
"3084","5.75"
"3085","5.1"
"3086","8.98"
"3087","5.71"
"3088","4.99"
"3089","3.17"
"3090","9.75"
"3091","6.66"
"3092","7.75"
"3093","7.38"
"3094","1.68"
"3095","2.91"
"3096","3.13"
"3097","9.29"
"3098","3.28"
"3099","9.51"
"3100","3.63"
"3101","0.65"
"3102","6.94"
"3103","8.56"
"3104","8.66"
"3105","6.54"
"3106","2.87"
"3107","0.16"
"3108","1.25"
"3109","4.45"
"3110","6.75"
"3111","6.79"
"3112","8.71"
"3113","1.48"
"3114","4.96"
"3115","4.73"
"3116","0.54"
"3117","8.66"
"3118","2.62"
"3119","5.42"
"3120","5.5"
"3121","0.85"
"3122","2.63"
"3123","8.04"
"3124","2.59"
"3125","7.52"
"3126","3.95"
"3127","1.87"
"3128","9.04"
"3129","6.93"
"3130","5.66"
"3131","8.12"
"3132","2.2"
"3133","4.36"
"3134","6.69"
"3135","3.09"
"3136","8.48"
"3137","5.75"
"3138","0.57"
"3139","7.18"
"3140","6.03"
"3141","7.5"
"3142","9.75"
"3143","0.91"
"3144","7.41"
"3145","8.39"
"3146","6.82"
"3147","8.84"
"3148","3.24"
"3149","4.85"
"3150","6.55"
"3151","8.61"
"3152","3.85"
"3153","8.64"
"3154","8.89"
"3155","1.25"
"3156","2.49"
"3157","6.69"
"3158","6.94"
"3159","6.21"
"3160","2.59"
"3161","5.75"
"3162","1.14"
"3163","4.38"
"3164","4.66"
"3165","3.13"
"3166","1.25"
"3167","6.43"
"3168","0.1"
"3169","6.61"
"3170","3.04"
"3171","2.94"
"3172","7.24"
"3173","6.51"
"3174","1.96"
"3175","9.95"
"3176","4.65"
"3177","1.14"
"3178","1.05"
"3179","5.81"
"3180","5.04"
"3181","5.96"
"3182","6.11"
"3183","5.79"
"3184","8.46"
"3185","1.43"
"3186","4.74"
"3187","8.15"
"3188","1.17"
"3189","9.74"
"3190","0.66"
"3191","1.12"
"3192","7.98"
"3193","7.99"
"3194","0.46"
"3195","6.27"
"3196","5.59"
"3197","1.13"
"3198","2.72"
"3199","0.07"
"3200","4.52"
"3201","8.44"
"3202","3.74"
"3203","8.85"
"3204","2.56"
"3205","4.76"
"3206","8.42"
"3207","8.77"
"3208","2.22"
"3209","6.39"
"3210","8.62"
"3211","7.6"
"3212","9.89"
"3213","1.46"
"3214","6.22"
"3215","4.1"
"3216","7.68"
"3217","5.88"
"3218","0.81"
"3219","5.9"
"3220","7.74"
"3221","6.36"
"3222","7.91"
"3223","4.58"
"3224","0.48"
"3225","5.41"
"3226","9.29"
"3227","7.93"
"3228","5.59"
"3229","6.18"
"3230","5.38"
"3231","6.38"
"3232","4.05"
"3233","0.31"
"3234","0.82"
"3235","0.51"
"3236","4.2"
"3237","6.27"
"3238","6.8"
"3239","9.09"
"3240","1.52"
"3241","6.75"
"3242","6.52"
"3243","6.48"
"3244","7.87"
"3245","9.27"
"3246","9.91"
"3247","5.76"
"3248","5.54"
"3249","9.68"
"3250","1.82"
"3251","0.93"
"3252","5.23"
"3253","3.77"
"3254","2.31"
"3255","5.06"
"3256","2.78"
"3257","0.72"
"3258","9.78"
"3259","6.57"
"3260","3.8"
"3261","5.91"
"3262","2.69"
"3263","4.47"
"3264","0.19"
"3265","1.9"
"3266","4.27"
"3267","1.08"
"3268","2.83"
"3269","6.93"
"3270","1.16"
"3271","7.57"
"3272","5.66"
"3273","5.06"
"3274","8.16"
"3275","6.61"
"3276","7.61"
"3277","2.41"
"3278","5.37"
"3279","9.35"
"3280","4.2"
"3281","6.41"
"3282","1.22"
"3283","3.19"
"3284","2.33"
"3285","7.78"
"3286","9.71"
"3287","4.17"
"3288","2.54"
"3289","9.07"
"3290","0.57"
"3291","0.02"
"3292","9.63"
"3293","9.02"
"3294","9.74"
"3295","8.39"
"3296","9.89"
"3297","4.19"
"3298","9.1"
"3299","5.82"
"3300","6.93"
"3301","2.28"
"3302","7.65"
"3303","2.17"
"3304","7.11"
"3305","2.82"
"3306","4.69"
"3307","7.68"
"3308","1.69"
"3309","1.93"
"3310","1.56"
"3311","3.22"
"3312","7.23"
"3313","4.35"
"3314","4.37"
"3315","8.74"
"3316","0.15"
"3317","4.82"
"3318","7.73"
"3319","1.7"
"3320","2.75"
"3321","3.62"
"3322","3.38"
"3323","9.65"
"3324","8.58"
"3325","3.5"
"3326","0.74"
"3327","4.29"
"3328","8.46"
"3329","6.31"
"3330","1.72"
"3331","9.54"
"3332","6.88"
"3333","5.99"
"3334","3.74"
"3335","2.3"
"3336","9.93"
"3337","9.41"
"3338","8.06"
"3339","2.12"
"3340","4.73"
"3341","1.31"
"3342","9.43"
"3343","9.62"
"3344","3.52"
"3345","9.1"
"3346","1.44"
"3347","2.0"
"3348","5.66"
"3349","7.71"
"3350","8.7"
"3351","2.26"
"3352","4.7"
"3353","3.68"
"3354","0.06"
"3355","7.17"
"3356","7.79"
"3357","0.14"
"3358","6.34"
"3359","7.23"
"3360","5.95"
"3361","3.75"
"3362","5.9"
"3363","3.75"
"3364","0.64"
"3365","9.85"
"3366","3.53"
"3367","5.71"
"3368","2.96"
"3369","0.89"
"3370","9.57"
"3371","9.42"
"3372","1.35"
"3373","2.79"
"3374","3.16"
"3375","6.58"
"3376","2.09"
"3377","8.91"
"3378","4.24"
"3379","7.82"
"3380","3.74"
"3381","5.67"
"3382","3.84"
"3383","5.36"
"3384","7.76"
"3385","2.98"
"3386","0.88"
"3387","9.62"
"3388","5.65"
"3389","4.38"
"3390","3.05"
"3391","5.0"
"3392","6.62"
"3393","4.56"
"3394","0.07"
"3395","3.7"
"3396","8.62"
"3397","4.54"
"3398","2.99"
"3399","5.94"
"3400","1.25"
"3401","2.48"
"3402","0.47"
"3403","8.43"
"3404","4.71"
"3405","2.04"
"3406","3.92"
"3407","3.37"
"3408","5.5"
"3409","9.9"
"3410","1.36"
"3411","8.41"
"3412","4.46"
"3413","7.17"
"3414","1.61"
"3415","9.95"
"3416","4.51"
"3417","0.61"
"3418","9.92"
"3419","6.78"
"3420","1.34"
"3421","6.02"
"3422","0.91"
"3423","9.12"
"3424","7.6"
"3425","9.28"
"3426","3.91"
"3427","0.86"
"3428","6.78"
"3429","8.81"
"3430","6.38"
"3431","5.57"
"3432","3.46"
"3433","6.55"
"3434","2.69"
"3435","3.76"
"3436","1.26"
"3437","8.29"
"3438","3.24"
"3439","9.79"
"3440","7.05"
"3441","4.1"
"3442","0.08"
"3443","8.68"
"3444","1.59"
"3445","0.67"
"3446","7.16"
"3447","4.22"
"3448","9.57"
"3449","0.87"
"3450","8.05"
"3451","1.37"
"3452","7.31"
"3453","4.06"
"3454","1.35"
"3455","0.55"
"3456","7.76"
"3457","2.93"
"3458","5.16"
"3459","0.0"
"3460","6.1"
"3461","0.64"
"3462","9.9"
"3463","8.51"
"3464","8.75"
"3465","1.39"
"3466","0.45"
"3467","9.46"
"3468","5.05"
"3469","0.48"
"3470","1.2"
"3471","2.54"
"3472","8.63"
"3473","6.72"
"3474","8.7"
"3475","3.54"
"3476","2.75"
"3477","5.97"
"3478","6.55"
"3479","6.4"
"3480","7.73"
"3481","9.02"
"3482","5.9"
"3483","8.86"
"3484","2.93"
"3485","4.93"
"3486","9.16"
"3487","1.46"
"3488","3.29"
"3489","3.08"
"3490","8.67"
"3491","8.44"
"3492","9.78"
"3493","5.63"
"3494","7.09"
"3495","2.34"
"3496","1.7"
"3497","2.98"
"3498","2.21"
"3499","4.07"
"3500","7.99"
"3501","7.98"
"3502","2.41"
"3503","3.23"
"3504","4.11"
"3505","0.1"
"3506","1.95"
"3507","8.94"
"3508","3.71"
"3509","9.18"
"3510","7.62"
"3511","3.24"
"3512","2.37"
"3513","7.54"
"3514","1.57"
"3515","9.23"
"3516","7.44"
"3517","1.34"
"3518","0.19"
"3519","2.99"
"3520","0.99"
"3521","0.31"
"3522","5.41"
"3523","4.12"
"3524","0.62"
"3525","0.22"
"3526","6.37"
"3527","4.64"
"3528","1.4"
"3529","6.19"
"3530","0.32"
"3531","5.5"
"3532","4.88"
"3533","5.1"
"3534","0.85"
"3535","6.04"
"3536","5.36"
"3537","0.66"
"3538","9.13"
"3539","9.69"
"3540","8.16"
"3541","0.38"
"3542","4.58"
"3543","2.55"
"3544","4.05"
"3545","0.63"
"3546","5.09"
"3547","4.8"
"3548","7.21"
"3549","4.27"
"3550","6.39"
"3551","4.37"
"3552","3.44"
"3553","0.7"
"3554","5.4"
"3555","5.92"
"3556","8.72"
"3557","0.55"
"3558","1.5"
"3559","7.58"
"3560","5.04"
"3561","4.27"
"3562","2.25"
"3563","1.08"
"3564","6.94"
"3565","7.23"
"3566","9.04"
"3567","7.36"
"3568","2.75"
"3569","4.6"
"3570","0.6"
"3571","6.75"
"3572","9.03"
"3573","5.29"
"3574","4.8"
"3575","5.56"
"3576","1.78"
"3577","4.12"
"3578","5.76"
"3579","0.46"
"3580","8.28"
"3581","2.89"
"3582","2.06"
"3583","3.65"
"3584","4.84"
"3585","4.56"
"3586","2.67"
"3587","2.35"
"3588","7.72"
"3589","6.48"
"3590","8.91"
"3591","5.27"
"3592","8.54"
"3593","6.8"
"3594","7.09"
"3595","1.35"
"3596","8.23"
"3597","3.84"
"3598","1.6"
"3599","9.45"
"3600","7.01"
"3601","6.14"
"3602","7.03"
"3603","4.02"
"3604","8.3"
"3605","5.33"
"3606","1.18"
"3607","5.05"
"3608","0.93"
"3609","9.98"
"3610","0.44"
"3611","4.82"
"3612","1.0"
"3613","0.94"
"3614","6.79"
"3615","9.41"
"3616","0.71"
"3617","4.68"
"3618","4.53"
"3619","5.81"
"3620","0.66"
"3621","9.06"
"3622","4.01"
"3623","1.29"
"3624","9.23"
"3625","7.3"
"3626","9.83"
"3627","3.42"
"3628","1.68"
"3629","8.34"
"3630","3.35"
"3631","2.86"
"3632","2.38"
"3633","3.78"
"3634","6.08"
"3635","4.18"
"3636","3.29"
"3637","3.02"
"3638","4.26"
"3639","4.03"
"3640","6.07"
"3641","9.44"
"3642","1.54"
"3643","5.48"
"3644","9.87"
"3645","6.68"
"3646","4.99"
"3647","6.98"
"3648","2.28"
"3649","0.53"
"3650","6.74"
"3651","4.03"
"3652","3.59"
"3653","7.33"
"3654","3.33"
"3655","1.64"
"3656","7.76"
"3657","0.74"
"3658","8.44"
"3659","9.65"
"3660","8.81"
"3661","4.41"
"3662","1.15"
"3663","2.27"
"3664","4.94"
"3665","8.17"
"3666","8.17"
"3667","7.02"
"3668","1.01"
"3669","7.49"
"3670","8.15"
"3671","4.43"
"3672","2.14"
"3673","3.27"
"3674","1.13"
"3675","4.71"
"3676","2.61"
"3677","6.43"
"3678","3.76"
"3679","0.85"
"3680","1.39"
"3681","0.28"
"3682","1.12"
"3683","8.58"
"3684","3.85"
"3685","9.67"
"3686","4.47"
"3687","8.3"
"3688","2.21"
"3689","2.9"
"3690","9.56"
"3691","2.45"
"3692","9.58"
"3693","4.69"
"3694","9.26"
"3695","2.16"
"3696","6.78"
"3697","0.68"
"3698","1.61"
"3699","9.18"
"3700","9.32"
"3701","4.27"
"3702","2.16"
"3703","0.86"
"3704","10.0"
"3705","1.93"
"3706","9.81"
"3707","4.19"
"3708","8.0"
"3709","2.91"
"3710","5.16"
"3711","0.08"
"3712","5.76"
"3713","6.52"
"3714","9.46"
"3715","3.3"
"3716","8.81"
"3717","5.97"
"3718","7.84"
"3719","7.99"
"3720","4.71"
"3721","7.94"
"3722","6.47"
"3723","8.4"
"3724","7.04"
"3725","6.76"
"3726","0.18"
"3727","0.74"
"3728","6.68"
"3729","4.29"
"3730","3.79"
"3731","6.46"
"3732","9.12"
"3733","8.74"
"3734","6.02"
"3735","5.98"
"3736","4.35"
"3737","6.15"
"3738","5.42"
"3739","2.67"
"3740","1.99"
"3741","7.38"
"3742","6.53"
"3743","9.8"
"3744","0.5"
"3745","6.54"
"3746","8.16"
"3747","1.68"
"3748","9.75"
"3749","6.08"
"3750","3.28"
"3751","6.73"
"3752","9.92"
"3753","1.01"
"3754","8.8"
"3755","1.05"
"3756","1.94"
"3757","4.25"
"3758","7.8"
"3759","7.5"
"3760","6.85"
"3761","4.17"
"3762","1.47"
"3763","2.89"
"3764","0.11"
"3765","3.79"
"3766","6.65"
"3767","1.5"
"3768","2.44"
"3769","7.51"
"3770","2.94"
"3771","5.74"
"3772","5.22"
"3773","0.4"
"3774","9.73"
"3775","7.77"
"3776","9.11"
"3777","5.92"
"3778","6.85"
"3779","0.51"
"3780","4.41"
"3781","0.0"
"3782","2.87"
"3783","4.71"
"3784","7.07"
"3785","1.99"
"3786","7.81"
"3787","3.21"
"3788","3.08"
"3789","9.26"
"3790","1.43"
"3791","5.12"
"3792","1.89"
"3793","4.19"
"3794","9.23"
"3795","0.34"
"3796","8.28"
"3797","9.45"
"3798","5.04"
"3799","1.29"
"3800","6.13"
"3801","8.07"
"3802","9.29"
"3803","2.91"
"3804","0.25"
"3805","5.31"
"3806","2.29"
"3807","2.47"
"3808","6.5"
"3809","3.36"
"3810","9.17"
"3811","3.38"
"3812","1.15"
"3813","1.7"
"3814","0.93"
"3815","6.64"
"3816","9.71"
"3817","5.89"
"3818","0.96"
"3819","6.8"
"3820","5.24"
"3821","2.92"
"3822","9.04"
"3823","1.75"
"3824","7.65"
"3825","9.29"
"3826","3.63"
"3827","5.16"
"3828","0.83"
"3829","7.3"
"3830","8.1"
"3831","2.33"
"3832","5.5"
"3833","2.89"
"3834","5.85"
"3835","7.38"
"3836","5.49"
"3837","4.99"
"3838","1.68"
"3839","2.45"
"3840","9.92"
"3841","5.63"
"3842","8.27"
"3843","6.03"
"3844","5.12"
"3845","8.64"
"3846","1.09"
"3847","7.57"
"3848","5.26"
"3849","2.77"
"3850","0.17"
"3851","6.47"
"3852","6.59"
"3853","3.55"
"3854","8.51"
"3855","0.62"
"3856","0.7"
"3857","3.3"
"3858","8.6"
"3859","7.07"
"3860","6.65"
"3861","7.5"
"3862","3.59"
"3863","6.45"
"3864","0.67"
"3865","3.05"
"3866","8.73"
"3867","5.13"
"3868","1.31"
"3869","4.75"
"3870","2.48"
"3871","0.86"
"3872","7.58"
"3873","3.1"
"3874","8.4"
"3875","3.12"
"3876","3.23"
"3877","3.8"
"3878","2.6"
"3879","2.16"
"3880","4.16"
"3881","6.38"
"3882","1.22"
"3883","9.09"
"3884","6.83"
"3885","7.95"
"3886","0.46"
"3887","9.9"
"3888","7.48"
"3889","6.91"
"3890","7.45"
"3891","3.75"
"3892","8.38"
"3893","8.38"
"3894","9.04"
"3895","2.5"
"3896","2.23"
"3897","7.77"
"3898","7.29"
"3899","0.59"
"3900","3.98"
"3901","0.93"
"3902","1.78"
"3903","5.53"
"3904","8.39"
"3905","6.51"
"3906","9.66"
"3907","7.92"
"3908","8.67"
"3909","1.84"
"3910","3.15"
"3911","9.46"
"3912","3.48"
"3913","1.2"
"3914","8.71"
"3915","0.0"
"3916","1.83"
"3917","5.59"
"3918","7.94"
"3919","5.07"
"3920","8.64"
"3921","8.69"
"3922","8.52"
"3923","2.61"
"3924","1.26"
"3925","9.78"
"3926","0.12"
"3927","9.69"
"3928","5.36"
"3929","0.92"
"3930","3.7"
"3931","2.63"
"3932","2.7"
"3933","2.05"
"3934","4.28"
"3935","6.91"
"3936","1.27"
"3937","3.21"
"3938","8.7"
"3939","7.83"
"3940","4.77"
"3941","7.29"
"3942","9.54"
"3943","6.04"
"3944","0.03"
"3945","5.36"
"3946","5.64"
"3947","2.5"
"3948","7.61"
"3949","2.38"
"3950","8.7"
"3951","2.05"
"3952","6.62"
"3953","0.03"
"3954","2.82"
"3955","3.52"
"3956","2.87"
"3957","9.37"
"3958","5.62"
"3959","9.71"
"3960","6.71"
"3961","8.31"
"3962","2.41"
"3963","6.23"
"3964","9.51"
"3965","5.34"
"3966","6.78"
"3967","0.14"
"3968","4.7"
"3969","2.92"
"3970","7.39"
"3971","9.0"
"3972","8.08"
"3973","4.67"
"3974","1.69"
"3975","6.83"
"3976","1.12"
"3977","2.83"
"3978","1.57"
"3979","9.27"
"3980","2.42"
"3981","6.13"
"3982","9.23"
"3983","3.18"
"3984","7.01"
"3985","6.05"
"3986","2.64"
"3987","6.95"
"3988","2.47"
"3989","4.12"
"3990","6.71"
"3991","5.11"
"3992","6.87"
"3993","8.4"
"3994","6.28"
"3995","5.65"
"3996","6.03"
"3997","6.24"
"3998","8.06"
"3999","8.39"
"4000","8.05"